<?xml version="1.0" encoding="UTF-8"?>
<data>
	
	<textureAtlas id="textureAtlas" imageID="textureATF">
		<SubTexture name="bg_hills" x="0" y="823" width="640" height="240"/>
		<SubTexture name="bg_sky" x="0" y="583" width="640" height="240"/>
		<SubTexture name="bg_trees" x="0" y="343" width="640" height="240"/>
		<SubTexture name="spr_billboard_1" x="640" y="45" width="120" height="68"/>
		<SubTexture name="spr_billboard_2" x="357" y="101" width="86" height="88"/>
		<SubTexture name="spr_billboard_3" x="800" y="114" width="92" height="88"/>
		<SubTexture name="spr_billboard_4" x="760" y="45" width="107" height="68"/>
		<SubTexture name="spr_billboard_5" x="238" y="100" width="119" height="76"/>
		<SubTexture name="spr_billboard_6" x="119" y="91" width="119" height="76"/>
		<SubTexture name="spr_billboard_7" x="0" y="86" width="119" height="76"/>
		<SubTexture name="spr_billboard_8" x="681" y="113" width="119" height="86"/>
		<SubTexture name="spr_billboard_9" x="562" y="113" width="119" height="86"/>
		<SubTexture name="spr_bldg_boathouse" x="443" y="107" width="119" height="86"/>
		<SubTexture name="spr_bldg_column" x="382" y="193" width="80" height="126"/>
		<SubTexture name="spr_bldg_tower" x="328" y="189" width="54" height="124"/>
		<SubTexture name="spr_bldg_windmill" x="127" y="167" width="88" height="113"/>
		<SubTexture name="spr_car_1" x="444" y="0" width="64" height="45"/>
		<SubTexture name="spr_car_1_lean" x="380" y="0" width="64" height="45"/>
		<SubTexture name="spr_car_2" x="569" y="0" width="61" height="45"/>
		<SubTexture name="spr_car_2_lean" x="508" y="0" width="61" height="45"/>
		<SubTexture name="spr_car_3" x="310" y="0" width="70" height="44"/>
		<SubTexture name="spr_car_3_lean" x="240" y="0" width="70" height="44"/>
		<SubTexture name="spr_car_4" x="693" y="0" width="63" height="45"/>
		<SubTexture name="spr_car_4_lean" x="630" y="0" width="63" height="45"/>
		<SubTexture name="spr_car_5" x="814" y="0" width="58" height="45"/>
		<SubTexture name="spr_car_5_lean" x="756" y="0" width="58" height="45"/>
		<SubTexture name="spr_car_6" x="950" y="72" width="61" height="72"/>
		<SubTexture name="spr_car_6_lean" x="952" y="0" width="61" height="72"/>
		<SubTexture name="spr_checkpoint" x="867" y="45" width="83" height="69"/>
		<SubTexture name="spr_player" x="160" y="0" width="80" height="41"/>
		<SubTexture name="spr_player_left" x="80" y="0" width="80" height="41"/>
		<SubTexture name="spr_player_right" x="0" y="0" width="80" height="41"/>
		<SubTexture name="spr_player_uphill" x="80" y="41" width="80" height="45"/>
		<SubTexture name="spr_player_uphill_left" x="0" y="41" width="80" height="45"/>
		<SubTexture name="spr_player_uphill_right" x="872" y="0" width="80" height="45"/>
		<SubTexture name="spr_veg_boulder_1" x="0" y="162" width="67" height="99"/>
		<SubTexture name="spr_veg_boulder_2" x="254" y="44" width="119" height="56"/>
		<SubTexture name="spr_veg_boulder_3" x="892" y="144" width="128" height="88"/>
		<SubTexture name="spr_veg_bush_1" x="544" y="45" width="96" height="62"/>
		<SubTexture name="spr_veg_bush_2" x="451" y="45" width="93" height="61"/>
		<SubTexture name="spr_veg_cactus" x="160" y="44" width="94" height="47"/>
		<SubTexture name="spr_veg_deadtree_1" x="462" y="193" width="54" height="133"/>
		<SubTexture name="spr_veg_deadtree_2" x="67" y="167" width="60" height="104"/>
		<SubTexture name="spr_veg_palmtree" x="660" y="199" width="86" height="216"/>
		<SubTexture name="spr_veg_stump" x="373" y="45" width="78" height="56"/>
		<SubTexture name="spr_veg_tree_1" x="516" y="199" width="144" height="144"/>
		<SubTexture name="spr_veg_tree_2" x="215" y="176" width="113" height="118"/>
	</textureAtlas>
	
</data>
