<?xml version="1.0" encoding="UTF-8"?>
<data>
	
	<textureAtlas id="textureAtlas" imageID="spritesATF">
	    <SubTexture name="spr_billboard_1" x="111" y="208" width="120" height="68"/>
	    <SubTexture name="spr_billboard_2" x="316" y="154" width="86" height="88"/>
	    <SubTexture name="spr_billboard_3" x="404" y="197" width="92" height="88"/>
	    <SubTexture name="spr_billboard_4" x="2" y="197" width="107" height="68"/>
	    <SubTexture name="spr_billboard_5" x="123" y="309" width="119" height="76"/>
	    <SubTexture name="spr_billboard_6" x="364" y="287" width="119" height="76"/>
	    <SubTexture name="spr_billboard_7" x="2" y="278" width="119" height="76"/>
	    <SubTexture name="spr_billboard_8" x="123" y="387" width="119" height="86"/>
	    <SubTexture name="spr_billboard_9" x="300" y="365" width="119" height="86"/>
	    <SubTexture name="spr_bldg_boathouse" x="2" y="356" width="119" height="86"/>
	    <SubTexture name="spr_bldg_column" x="117" y="475" width="80" height="126"/>
	    <SubTexture name="spr_bldg_tower" x="244" y="309" width="54" height="124"/>
	    <SubTexture name="spr_bldg_windmill" x="421" y="365" width="88" height="113"/>
	    <SubTexture name="spr_car_1" x="2" y="45" width="64" height="45"/>
	    <SubTexture name="spr_car_1_lean" x="392" y="2" width="64" height="45"/>
	    <SubTexture name="spr_car_2" x="131" y="45" width="61" height="45"/>
	    <SubTexture name="spr_car_2_lean" x="68" y="45" width="61" height="45"/>
	    <SubTexture name="spr_car_3" x="320" y="2" width="70" height="44"/>
	    <SubTexture name="spr_car_3_lean" x="248" y="2" width="70" height="44"/>
	    <SubTexture name="spr_car_4" x="259" y="48" width="63" height="45"/>
	    <SubTexture name="spr_car_4_lean" x="194" y="48" width="63" height="45"/>
	    <SubTexture name="spr_car_5" x="384" y="49" width="58" height="45"/>
	    <SubTexture name="spr_car_5_lean" x="324" y="48" width="58" height="45"/>
	    <SubTexture name="spr_car_6" x="424" y="123" width="61" height="72"/>
	    <SubTexture name="spr_car_6_lean" x="444" y="49" width="61" height="72"/>
	    <SubTexture name="spr_player" x="166" y="2" width="80" height="41"/>
	    <SubTexture name="spr_player_left" x="84" y="2" width="80" height="41"/>
	    <SubTexture name="spr_player_right" x="2" y="2" width="80" height="41"/>
	    <SubTexture name="spr_player_uphill" x="166" y="95" width="80" height="45"/>
	    <SubTexture name="spr_player_uphill_left" x="84" y="92" width="80" height="45"/>
	    <SubTexture name="spr_player_uphill_right" x="2" y="92" width="80" height="45"/>
	    <SubTexture name="spr_veg_boulder_1" x="233" y="208" width="67" height="99"/>
	    <SubTexture name="spr_veg_boulder_2" x="2" y="139" width="119" height="56"/>
	    <SubTexture name="spr_veg_boulder_3" x="244" y="453" width="128" height="88"/>
	    <SubTexture name="spr_veg_bush_1" x="218" y="144" width="96" height="62"/>
	    <SubTexture name="spr_veg_bush_2" x="123" y="142" width="93" height="61"/>
	    <SubTexture name="spr_veg_cactus" x="248" y="95" width="94" height="47"/>
	    <SubTexture name="spr_veg_deadtree_1" x="374" y="480" width="54" height="133"/>
	    <SubTexture name="spr_veg_deadtree_2" x="302" y="244" width="60" height="104"/>
	    <SubTexture name="spr_veg_palmtree" x="2" y="564" width="86" height="216"/>
	    <SubTexture name="spr_veg_stump" x="344" y="96" width="78" height="56"/>
	    <SubTexture name="spr_veg_tree_1" x="199" y="543" width="144" height="144"/>
	    <SubTexture name="spr_veg_tree_2" x="2" y="444" width="113" height="118"/>
	</textureAtlas>
	
	<textureAtlas id="backgroundsAtlas" imageID="backgroundsATF">
	    <SubTexture name="bg_hills" x="1283" y="1" width="640" height="240"/>
	    <SubTexture name="bg_sky" x="642" y="1" width="640" height="240"/>
	    <SubTexture name="bg_trees" x="1" y="1" width="640" height="240"/>
	</textureAtlas>
	
</data>
