<?xml version="1.0" encoding="UTF-8"?>
<!--
=====================================================================
Tetragon Texture Atlas File
Created with TexturePacker - http://www.codeandweb.com/texturepacker
$TexturePacker:SmartUpdate:6d52e0c25f526b28a49d20c9e1c1b939$
=====================================================================
-->
<data>
	<textureAtlas id="textures" imageID="texturesImage">
	    <SubTexture name="bg_hills" x="1" y="485" width="642" height="242"/>
	    <SubTexture name="bg_sky" x="1" y="243" width="642" height="242"/>
	    <SubTexture name="bg_trees" x="1" y="1" width="642" height="242"/>
	    <SubTexture name="spr_billboard_1" x="789" y="91" width="122" height="70"/>
	    <SubTexture name="spr_billboard_2" x="733" y="480" width="88" height="90"/>
	    <SubTexture name="spr_billboard_3" x="764" y="390" width="94" height="90"/>
	    <SubTexture name="spr_billboard_4" x="911" y="114" width="109" height="70"/>
	    <SubTexture name="spr_billboard_5" x="643" y="323" width="121" height="78"/>
	    <SubTexture name="spr_billboard_6" x="764" y="249" width="121" height="78"/>
	    <SubTexture name="spr_billboard_7" x="885" y="184" width="121" height="78"/>
	    <SubTexture name="spr_billboard_8" x="643" y="235" width="121" height="88"/>
	    <SubTexture name="spr_billboard_9" x="764" y="161" width="121" height="88"/>
	    <SubTexture name="spr_bldg_boathouse" x="643" y="147" width="121" height="88"/>
	    <SubTexture name="spr_bldg_column" x="728" y="570" width="82" height="128"/>
	    <SubTexture name="spr_bldg_tower" x="57" y="770" width="56" height="126"/>
	    <SubTexture name="spr_bldg_windmill" x="643" y="401" width="90" height="115"/>
	    <SubTexture name="spr_car_1" x="924" y="723" width="66" height="47"/>
	    <SubTexture name="spr_car_1_lean" x="946" y="633" width="66" height="47"/>
	    <SubTexture name="spr_car_2" x="126" y="891" width="63" height="47"/>
	    <SubTexture name="spr_car_2_lean" x="176" y="770" width="63" height="47"/>
	    <SubTexture name="spr_car_3" x="946" y="486" width="72" height="46"/>
	    <SubTexture name="spr_car_3_lean" x="946" y="440" width="72" height="46"/>
	    <SubTexture name="spr_car_4" x="113" y="844" width="65" height="47"/>
	    <SubTexture name="spr_car_4_lean" x="63" y="970" width="65" height="47"/>
	    <SubTexture name="spr_car_5" x="128" y="938" width="60" height="47"/>
	    <SubTexture name="spr_car_5_lean" x="178" y="817" width="60" height="47"/>
	    <SubTexture name="spr_car_6" x="113" y="770" width="63" height="74"/>
	    <SubTexture name="spr_car_6_lean" x="63" y="896" width="63" height="74"/>
	    <SubTexture name="spr_checkpoint" x="643" y="516" width="85" height="71"/>
	    <SubTexture name="spr_item_ring_01" x="189" y="898" width="34" height="34"/>
	    <SubTexture name="spr_item_ring_02" x="189" y="864" width="34" height="34"/>
	    <SubTexture name="spr_item_ring_03" x="196" y="972" width="34" height="34"/>
	    <SubTexture name="spr_item_ring_04" x="188" y="938" width="34" height="34"/>
	    <SubTexture name="spr_item_ring_05" x="162" y="985" width="34" height="34"/>
	    <SubTexture name="spr_item_ring_06" x="128" y="985" width="34" height="34"/>
	    <SubTexture name="spr_item_ring_07" x="205" y="728" width="34" height="34"/>
	    <SubTexture name="spr_item_ring_08" x="171" y="728" width="34" height="34"/>
	    <SubTexture name="spr_item_ring_09" x="137" y="728" width="34" height="34"/>
	    <SubTexture name="spr_item_ring_10" x="103" y="728" width="34" height="34"/>
	    <SubTexture name="spr_item_ring_11" x="69" y="728" width="34" height="34"/>
	    <SubTexture name="spr_item_ring_12" x="35" y="728" width="34" height="34"/>
	    <SubTexture name="spr_item_ring_13" x="1" y="728" width="34" height="34"/>
	    <SubTexture name="spr_item_ring_14" x="807" y="718" width="34" height="34"/>
	    <SubTexture name="spr_item_ring_15" x="810" y="684" width="34" height="34"/>
	    <SubTexture name="spr_item_ring_16" x="810" y="650" width="34" height="34"/>
	    <SubTexture name="spr_item_ring_17" x="810" y="616" width="34" height="34"/>
	    <SubTexture name="spr_item_ring_18" x="810" y="582" width="34" height="34"/>
	    <SubTexture name="spr_item_ring_19" x="821" y="548" width="34" height="34"/>
	    <SubTexture name="spr_item_ring_20" x="821" y="514" width="34" height="34"/>
	    <SubTexture name="spr_item_ring_21" x="821" y="480" width="34" height="34"/>
	    <SubTexture name="spr_player" x="926" y="680" width="82" height="43"/>
	    <SubTexture name="spr_player_left" x="725" y="698" width="82" height="43"/>
	    <SubTexture name="spr_player_right" x="844" y="658" width="82" height="43"/>
	    <SubTexture name="spr_player_uphill" x="643" y="681" width="82" height="47"/>
	    <SubTexture name="spr_player_uphill_left" x="643" y="634" width="82" height="47"/>
	    <SubTexture name="spr_player_uphill_right" x="643" y="587" width="82" height="47"/>
	    <SubTexture name="spr_veg_boulder_1" x="946" y="532" width="69" height="101"/>
	    <SubTexture name="spr_veg_boulder_2" x="885" y="262" width="121" height="58"/>
	    <SubTexture name="spr_veg_boulder_3" x="789" y="1" width="130" height="90"/>
	    <SubTexture name="spr_veg_bush_1" x="919" y="1" width="98" height="64"/>
	    <SubTexture name="spr_veg_bush_2" x="764" y="327" width="95" height="63"/>
	    <SubTexture name="spr_veg_cactus" x="919" y="65" width="96" height="49"/>
	    <SubTexture name="spr_veg_deadtree_1" x="1" y="770" width="56" height="135"/>
	    <SubTexture name="spr_veg_deadtree_2" x="1" y="905" width="62" height="106"/>
	    <SubTexture name="spr_veg_palmtree" x="858" y="440" width="88" height="218"/>
	    <SubTexture name="spr_veg_stump" x="844" y="701" width="80" height="58"/>
	    <SubTexture name="spr_veg_tree_1" x="643" y="1" width="146" height="146"/>
	    <SubTexture name="spr_veg_tree_2" x="885" y="320" width="115" height="120"/>
	</textureAtlas>
</data>
